id,name,age,gender,salary,join_date,email
1,name_1,56.0,Male,95304.0,27-04-2020,user1@example.com
2,name_2,46.0,Male,63408.0,2016-05-22,user2@example.com
3,name_3,32.0,F,59499.0,20-04-2016,user3@example.com
4,name_4,25.0,Female,72269.0,13-08-2018,user4@example.com
5, name_5 ,38.0,Male,629110.8128603298,13-06-2015,user5@example.com
6,name_6,56.0,F,94319.0,2016-04-29,invalid_email
7,name_7,36.0,M,,2019-06-09,user7@example.com
8,name_8,40.0,Male,55488.0,2017-12-31,user8@example.com
9,name_9,28.0,Male,94441.0,2016-07-20,user9@example.com
10,name_10,28.0,Male,94663.0,2017-06-23,user10@example.com
11,name_11,,Female,42431.0,2016-07-12,user11@example.com
12,name_12,53.0,Female,,2020-04-18,user12@example.com
13,name_13,57.0,Female,83483.0,21-05-2020,user13@example.com
14,name_14,41.0,Male,69153.0,26-08-2015,user14@example.com
15, name_15 ,20.0,M,26368.0,2018-02-01,user15@example.com
16,name_16,39.0,Male,,2018-05-18,user16@example.com
17,name_17,19.0,F,65004.0,07-07-2016,user17@example.com
18,name_18,41.0,Male,76985.0,2017-04-07,user18@example.com
19, name_19 ,47.0,Female,70069.0,2016-04-12,user19@example.com
20,name_20,55.0,Female,72326.0,2019-01-17,invalid_email
21,name_21,19.0,F,,2018-07-15,user21@example.com
22,name_22,38.0,F,70861.0,2016-01-21,user22@example.com
23, name_23 ,50.0,F,,2017-02-13,user23@example.com
24,name_24,,F,88577.0,2017-04-27,user24@example.com
25,name_25,39.0,Male,85641.0,22-01-2016,user25@example.com
26,name_26,42.0,Male,29078.0,2017-05-26,user26@example.com
27,name_27,44.0,Female,45003.0,16-09-2015,user27@example.com
28,name_28,59.0,Female,82768.0,2015-10-10,user28@example.com
29,name_29,45.0,M,71047.0,2019-07-08,user29@example.com
30,name_30,33.0,Female,91626.0,2020-03-13,invalid_email
31,name_31,32.0,F,77660.0,2015-02-09,user31@example.com
32,name_32,20.0,,69786.0,2016-04-30,user32@example.com
33, name_33 ,54.0,Female,,2017-07-17,user33@example.com
34,name_34,24.0,Female,875764.8311149486,2015-08-08,user34@example.com
35, name_35 ,38.0,F,53320.0,2018-02-26,user35@example.com
36,name_36,26.0,M,617647.4546157661,2017-10-11,user36@example.com
37, name_37 ,56.0,M,46289.0,2017-10-20,user37@example.com
38,name_38,35.0,M,23389.0,2019-03-24,user38@example.com
39,name_39,21.0,Female,45683.0,2016-09-04,user39@example.com
40,name_40,42.0,Female,778261.3795853583,16-07-2017,user40@example.com
41, name_41 ,31.0,,81550.0,2020-03-30,user41@example.com
42,name_42,26.0,Female,44826.0,2016-11-18,user42@example.com
43,name_43,43.0,Female,46630.0,2019-07-01,invalid_email
44,name_44,19.0,Female,66163.0,2016-09-04,user44@example.com
45,name_45,37.0,Female,86435.0,2015-09-17,invalid_email
46,name_46,45.0,Female,,2017-09-16,invalid_email
47,name_47,24.0,,47961.0,2017-08-23,user47@example.com
48,name_48,25.0,Female,94137.0,2016-01-01,user48@example.com
49,name_49,52.0,Male,53662.0,2019-11-17,user49@example.com
50,name_50,31.0,F,76446.0,2019-12-16,user50@example.com
51,name_51,34.0,Male,,2016-06-27,user51@example.com
52,name_52,53.0,Female,56877.0,2016-10-10,invalid_email
53,name_53,57.0,M,35313.0,2019-03-28,user53@example.com
54, name_54 ,21.0,Female,92715.0,2020-04-14,user54@example.com
55,name_55,19.0,Male,30326.0,24-03-2017,user55@example.com
56,name_56,23.0,Female,21560.0,2020-03-25,user56@example.com
57,name_57,59.0,,99148.0,2017-11-05,user57@example.com
58,name_58,21.0,Female,46745.0,2018-02-26,user58@example.com
59,name_59,46.0,Male,51890.0,2016-07-28,user59@example.com
60, name_60 ,,M,40022.0,06-02-2018,user60@example.com
61, name_61 ,43.0,,72579.0,2020-03-25,user61@example.com
62,name_62,51.0,F,90316.0,2017-10-09,user62@example.com
63,name_63,27.0,Male,48380.0,2019-04-06,user63@example.com
64,name_64,,Female,22356.0,31-10-2016,user64@example.com
65,name_65,31.0,Male,90326.0,2015-09-26,user65@example.com
66,name_66,48.0,M,40049.0,2018-03-31,user66@example.com
67,name_67,32.0,M,95717.0,2018-07-07,user67@example.com
68,name_68,25.0,Female,36082.0,12-07-2017,user68@example.com
69,name_69,31.0,Male,,2018-01-30,user69@example.com
70,name_70,40.0,Male,57412.0,10-03-2019,user70@example.com
71,name_71,57.0,Female,22920.0,2019-10-25,user71@example.com
72,name_72,,Female,80315.0,2019-05-14,user72@example.com
73,name_73,33.0,Female,99561.0,2015-09-04,user73@example.com
74,name_74,35.0,Female,28946.0,2019-07-22,user74@example.com
75,name_75,41.0,Male,65500.0,2019-12-24,user75@example.com
76,name_76,43.0,Male,36309.0,04-02-2020,user76@example.com
77, name_77 ,42.0,Male,75230.0,2019-04-10,user77@example.com
78,name_78,58.0,Male,50027.0,11-05-2015,user78@example.com
79,name_79,46.0,Female,,2015-12-19,user79@example.com
80, name_80 ,32.0,Male,,2015-07-15,user80@example.com
81, name_81 ,18.0,Male,20956.0,2019-12-22,user81@example.com
82,name_82,42.0,Female,94131.0,2020-04-23,user82@example.com
83,name_83,24.0,Male,67908.0,2017-07-18,user83@example.com
84,name_84,26.0,Male,98339.0,2019-08-17,user84@example.com
85,name_85,41.0,Male,,2018-11-06,user85@example.com
86, name_86 ,18.0,Male,59443.0,2017-10-18,user86@example.com
87,name_87,25.0,Male,59063.0,2016-10-06,user87@example.com
88,name_88,41.0,Male,24703.0,2015-08-15,user88@example.com
89,name_89,28.0,Female,85128.0,2016-12-01,user89@example.com
90,name_90,34.0,Female,92099.0,2019-02-08,user90@example.com
91,name_91,25.0,,45849.0,2019-02-09,user91@example.com
92,name_92,52.0,Male,51860.0,2015-09-22,user92@example.com
93,name_93,52.0,Female,51585.0,2018-10-27,user93@example.com
94,name_94,50.0,Male,42015.0,2019-02-18,user94@example.com
95, name_95 ,22.0,Male,,2018-12-28,user95@example.com
96, name_96 ,59.0,M,63585.0,2016-10-07,user96@example.com
97,name_97,56.0,,46958.0,30-07-2015,user97@example.com
98,name_98,58.0,Male,46017.0,15-05-2019,invalid_email
99,name_99,45.0,Female,96707.0,2020-05-17,user99@example.com
100,name_100,24.0,M,65350.0,2018-11-01,user100@example.com
101,name_101,26.0,Female,32201.0,2018-11-19,user101@example.com
102,name_102,25.0,F,49426.0,2019-01-13,invalid_email
103,name_103,,Male,37778.0,2017-07-31,user103@example.com
104,name_104,51.0,Female,65241.0,2018-10-19,user104@example.com
105,name_105,50.0,Male,62229.0,2020-03-14,user105@example.com
106,name_106,40.0,Female,68364.0,2016-04-01,invalid_email
107,name_107,41.0,Male,77056.0,2016-12-25,user107@example.com
108, name_108 ,54.0,Male,47490.0,2019-10-18,invalid_email
109,name_109,52.0,F,39975.0,2018-06-03,user109@example.com
110,name_110,57.0,Male,46723.0,2017-09-08,user110@example.com
111,name_111,39.0,Male,43279.0,2018-02-28,invalid_email
112,name_112,44.0,Female,98301.0,2016-08-10,user112@example.com
113, name_113 ,52.0,Male,31561.0,2016-04-20,user113@example.com
114,name_114,18.0,Male,86061.0,2019-12-27,user114@example.com
115,name_115,,F,69153.0,2017-09-12,user115@example.com
116,name_116,54.0,Female,53142.0,2018-07-24,user116@example.com
117,name_117,,Male,46916.0,05-06-2015,user117@example.com
118, name_118 ,20.0,Male,84324.0,2019-11-19,user118@example.com
119,name_119,18.0,Female,64965.0,2018-05-26,user119@example.com
120,name_120,22.0,Female,24648.0,2015-07-09,user120@example.com
121,name_121,43.0,Male,,2018-12-11,user121@example.com
122,name_122,31.0,Female,70677.0,2017-09-07,user122@example.com
123,name_123,56.0,Male,90135.0,2019-08-26,user123@example.com
124, name_124 ,44.0,,55046.0,2019-09-12,user124@example.com
125,name_125,26.0,Male,67064.0,2016-06-29,user125@example.com
126,name_126,32.0,Male,89350.0,2015-02-10,user126@example.com
127,name_127,32.0,Male,65893.0,2015-11-03,user127@example.com
128,name_128,43.0,Female,81272.0,2017-07-31,user128@example.com
129,name_129,59.0,Female,87649.0,2015-12-04,user129@example.com
130,name_130,,Female,,2018-08-30,user130@example.com
131,name_131,49.0,Female,,2018-01-03,user131@example.com
132, name_132 ,56.0,Male,41927.0,2017-08-10,user132@example.com
133,name_133,49.0,,,2015-10-06,user133@example.com
134,name_134,21.0,Male,32588.0,2018-04-14,user134@example.com
135,name_135,47.0,Male,72233.0,14-06-2017,user135@example.com
136, name_136 ,54.0,F,64738.0,2019-08-13,user136@example.com
137,name_137,40.0,M,53397.0,2015-09-30,user137@example.com
138,name_138,56.0,M,96367.0,2017-04-16,user138@example.com
139,name_139,32.0,,91260.0,2016-09-11,user139@example.com
140,name_140,46.0,,96619.0,2019-08-02,invalid_email
141,name_141,53.0,F,39816.0,2017-05-11,user141@example.com
142, name_142 ,,F,62240.0,2019-12-12,user142@example.com
143,name_143,49.0,Male,26276.0,26-02-2020,user143@example.com
144,name_144,24.0,Male,99530.0,2017-07-19,user144@example.com
145, name_145 ,39.0,,43499.0,2015-10-16,user145@example.com
146,name_146,45.0,Male,91635.0,2016-12-24,user146@example.com
147,name_147,19.0,M,55946.0,2017-06-11,user147@example.com
148, name_148 ,59.0,Male,75204.0,2015-09-29,user148@example.com
149,name_149,23.0,,71886.0,2020-05-07,user149@example.com
150,name_150,45.0,Male,91652.0,2017-12-25,user150@example.com
151,name_151,45.0,Female,35563.0,2016-04-27,user151@example.com
152,name_152,,Male,29847.0,2017-07-24,invalid_email
153, name_153 ,47.0,M,673122.833737696,2015-09-05,user153@example.com
154,name_154,28.0,Male,,2015-06-05,user154@example.com
155,name_155,45.0,Female,87278.0,2017-12-06,user155@example.com
156, name_156 ,42.0,Male,38309.0,2020-05-12,user156@example.com
157,name_157,56.0,Female,,2016-03-29,user157@example.com
158,name_158,,Female,70108.0,2015-07-20,user158@example.com
159,name_159,18.0,Female,54707.0,2019-08-11,invalid_email
160,name_160,44.0,M,40337.0,2015-05-04,user160@example.com
161,name_161,30.0,Male,86504.0,2015-01-01,user161@example.com
162,name_162,58.0,Male,763124.0975141962,2017-08-25,user162@example.com
163,name_163,20.0,M,20281.0,2019-11-18,user163@example.com
164,name_164,56.0,Female,47420.0,2017-05-04,user164@example.com
165, name_165 ,,,59030.0,2016-10-01,user165@example.com
166,name_166,25.0,,21058.0,2015-07-10,user166@example.com
167,name_167,44.0,Male,,2019-05-22,user167@example.com
168,name_168,26.0,Female,48404.0,2016-05-30,user168@example.com
169,name_169,54.0,Male,,17-03-2016,user169@example.com
170,name_170,50.0,Female,29200.0,2020-04-28,user170@example.com
171,name_171,59.0,Male,84178.0,2020-01-13,user171@example.com
172,name_172,,Male,53997.0,2020-01-04,user172@example.com
173,name_173,32.0,F,45611.0,2015-05-23,user173@example.com
174,name_174,49.0,,61235.0,29-04-2018,user174@example.com
175, name_175 ,49.0,Female,55057.0,2016-06-16,user175@example.com
176,name_176,41.0,Female,21239.0,2015-08-15,invalid_email
177,name_177,58.0,Male,85661.0,2018-08-29,invalid_email
178,name_178,29.0,Female,65272.0,11-07-2019,user178@example.com
179,name_179,56.0,Female,81212.0,2017-08-06,user179@example.com
180,name_180,,Female,35398.0,2018-08-18,user180@example.com
181,name_181,20.0,Male,76503.0,2019-08-05,user181@example.com
182,name_182,54.0,Male,26638.0,2016-04-04,invalid_email
183,name_183,34.0,Female,26570.0,2018-11-25,user183@example.com
184,name_184,,,88785.0,2016-07-04,invalid_email
185,name_185,19.0,Female,29110.0,2016-01-28,user185@example.com
186,name_186,45.0,Male,99141.0,2020-03-05,user186@example.com
187,name_187,40.0,Male,32115.0,2019-11-23,user187@example.com
188,name_188,54.0,Male,927318.5320325819,2017-04-24,user188@example.com
189,name_189,49.0,Male,42911.0,15-05-2018,user189@example.com
190,name_190,,F,52556.0,2015-07-29,user190@example.com
191, name_191 ,18.0,Female,98131.0,2018-02-12,user191@example.com
192,name_192,36.0,,21969.0,2019-10-27,user192@example.com
193, name_193 ,19.0,Male,63753.0,2016-10-07,user193@example.com
194,name_194,43.0,Female,24470.0,2018-06-28,user194@example.com
195,name_195,49.0,Female,30225.0,2015-08-07,user195@example.com
196,name_196,,Female,,2016-02-11,user196@example.com
197, name_197 ,49.0,Male,33669.0,2019-01-06,user197@example.com
198,name_198,21.0,Male,57380.0,2019-06-15,user198@example.com
199,name_199,28.0,,68320.0,2018-10-09,user199@example.com
200,name_200,34.0,Female,606431.5149801769,2017-06-06,user200@example.com
201, name_201 ,,F,35577.0,2016-07-11,user201@example.com
202, name_202 ,41.0,F,75409.0,2016-07-03,user202@example.com
203,name_203,22.0,M,48625.0,2015-05-22,user203@example.com
204,name_204,51.0,Male,44089.0,2016-09-03,user204@example.com
205,name_205,23.0,Female,56487.0,2016-05-15,user205@example.com
206, name_206 ,39.0,Male,85838.0,2017-04-19,user206@example.com
207,name_207,28.0,Male,70138.0,2016-12-02,user207@example.com
208,name_208,33.0,Male,62823.0,2019-04-20,user208@example.com
209,name_209,50.0,Male,57208.0,2019-08-10,user209@example.com
210,name_210,26.0,Female,74061.0,2019-04-15,user210@example.com
211,name_211,23.0,Male,50659.0,2020-02-13,user211@example.com
212,name_212,33.0,Male,51890.0,2019-03-11,user212@example.com
213,name_213,46.0,Male,99134.0,2016-08-18,user213@example.com
214,name_214,20.0,Male,67055.0,2020-03-19,user214@example.com
215,name_215,37.0,Female,39508.0,08-10-2015,user215@example.com
216,name_216,53.0,Female,62287.0,2016-02-28,user216@example.com
217,name_217,36.0,M,98916.0,2017-05-05,user217@example.com
218,name_218,43.0,,46984.0,2015-09-27,user218@example.com
219, name_219 ,20.0,,,2015-06-03,user219@example.com
220,name_220,,Male,653858.5528452503,2016-09-05,invalid_email
221,name_221,37.0,Male,89569.0,2019-10-17,user221@example.com
222, name_222 ,,Male,37087.0,2016-10-23,user222@example.com
223, name_223 ,24.0,F,25704.0,2020-05-21,user223@example.com
224,name_224,58.0,M,80576.0,2015-03-24,user224@example.com
225,name_225,50.0,F,,2019-07-04,user225@example.com
226,name_226,57.0,Female,92460.0,2017-08-04,user226@example.com
227,name_227,56.0,M,47208.0,2017-06-17,invalid_email
228, name_228 ,35.0,,86024.0,2018-12-20,user228@example.com
229,name_229,57.0,Female,59882.0,2018-07-22,user229@example.com
230,name_230,18.0,,45923.0,2019-10-03,user230@example.com
231,name_231,28.0,F,49165.0,2015-10-11,user231@example.com
232,name_232,,Female,87203.0,2017-09-06,user232@example.com
233,name_233,42.0,Female,24114.0,2015-06-22,user233@example.com
234,name_234,40.0,Male,84965.0,2018-09-12,user234@example.com
235,name_235,48.0,F,56321.0,2019-10-08,user235@example.com
236,name_236,47.0,Female,93297.0,2017-12-22,user236@example.com
237,name_237,59.0,Female,45426.0,2018-01-01,user237@example.com
238,name_238,,Male,37772.0,2017-02-01,user238@example.com
239,name_239,24.0,Female,23712.0,2019-07-18,user239@example.com
240, name_240 ,33.0,,21367.0,2018-10-30,user240@example.com
241,name_241,43.0,Female,945263.5423307654,24-09-2016,user241@example.com
242,name_242,19.0,Male,23726.0,2019-03-12,invalid_email
243,name_243,18.0,M,47723.0,2017-02-25,user243@example.com
244, name_244 ,29.0,Female,29108.0,2017-07-31,user244@example.com
245, name_245 ,22.0,F,97714.0,08-10-2017,user245@example.com
246,name_246,54.0,Male,55643.0,2016-02-02,user246@example.com
247,name_247,49.0,Female,51324.0,2018-02-17,user247@example.com
248,name_248,26.0,Male,28927.0,2017-07-22,invalid_email
249,name_249,58.0,Male,42443.0,2018-12-31,user249@example.com
250, name_250 ,,,99973.0,2020-01-27,user250@example.com
251,name_251,36.0,Male,83449.0,06-11-2016,user251@example.com
252, name_252 ,33.0,,96743.0,24-07-2017,user252@example.com
253,name_253,20.0,Female,80233.0,2016-04-09,user253@example.com
254, name_254 ,37.0,Male,45537.0,2015-10-13,user254@example.com
255,name_255,41.0,Male,97576.0,22-09-2015,user255@example.com
256,name_256,50.0,Female,741615.4909745355,16-11-2015,user256@example.com
257,name_257,41.0,M,,2016-11-03,user257@example.com
258,name_258,28.0,,55631.0,2018-10-31,user258@example.com
259,name_259,25.0,Female,,2017-03-30,user259@example.com
260,name_260,53.0,Female,84732.0,2015-03-30,user260@example.com
261,name_261,55.0,Male,21177.0,2019-08-05,user261@example.com
262,name_262,57.0,M,24760.0,2018-05-11,user262@example.com
263, name_263 ,37.0,Male,52779.0,31-03-2017,user263@example.com
264,name_264,52.0,F,41636.0,2019-10-29,user264@example.com
265, name_265 ,42.0,Male,73551.0,2017-09-27,user265@example.com
266, name_266 ,52.0,Female,31556.0,2020-06-01,user266@example.com
267, name_267 ,42.0,Male,47598.0,2015-11-30,user267@example.com
268,name_268,,Female,31563.0,2015-08-10,user268@example.com
269,name_269,35.0,M,66819.0,10-02-2015,user269@example.com
270,name_270,35.0,Male,93770.0,2019-09-28,user270@example.com
271,name_271,19.0,Male,46966.0,2015-03-09,user271@example.com
272, name_272 ,52.0,F,79889.0,2017-09-14,invalid_email
273,name_273,33.0,Female,46987.0,2019-12-05,user273@example.com
274,name_274,58.0,Male,98714.0,2016-05-28,user274@example.com
275,name_275,53.0,Male,78348.0,2020-03-11,user275@example.com
276,name_276,50.0,Female,44596.0,2019-07-19,user276@example.com
277,name_277,21.0,F,53174.0,04-07-2019,invalid_email
278,name_278,50.0,Female,84106.0,2019-06-10,user278@example.com
279,name_279,31.0,Male,89967.0,14-05-2020,user279@example.com
280, name_280 ,38.0,Female,79182.0,2019-07-14,user280@example.com
281,name_281,37.0,Male,59310.0,2018-02-24,user281@example.com
282,name_282,25.0,Female,76088.0,2018-07-02,user282@example.com
283,name_283,24.0,Male,28906.0,2016-11-25,invalid_email
284,name_284,20.0,Female,56914.0,2017-11-05,user284@example.com
285,name_285,34.0,Female,65379.0,2016-04-21,user285@example.com
286,name_286,50.0,,98612.0,2017-12-21,user286@example.com
287, name_287 ,29.0,Female,57650.0,2017-05-30,user287@example.com
288,name_288,39.0,F,66881.0,07-03-2016,user288@example.com
289,name_289,39.0,Male,66413.0,2019-08-21,user289@example.com
290, name_290 ,47.0,,26012.0,2015-09-25,user290@example.com
291,name_291,55.0,Female,70115.0,2017-11-24,invalid_email
292,name_292,55.0,Female,27151.0,2017-02-17,user292@example.com
293,name_293,25.0,,77716.0,2019-05-19,user293@example.com
294,name_294,44.0,Female,56378.0,08-05-2016,user294@example.com
295, name_295 ,44.0,Male,62652.0,2019-05-05,user295@example.com
296,name_296,51.0,Female,92430.0,2019-02-01,user296@example.com
297,name_297,38.0,F,33467.0,2019-11-26,user297@example.com
298,name_298,47.0,Male,51010.0,2016-10-22,user298@example.com
299,name_299,50.0,F,74691.0,2018-09-10,user299@example.com
300,name_300,,Male,84157.0,2018-08-20,invalid_email
301,name_301,50.0,Male,32289.0,23-07-2018,user301@example.com
302,name_302,22.0,Female,64976.0,2020-03-07,user302@example.com
303, name_303 ,36.0,Male,63596.0,2020-06-09,user303@example.com
304, name_304 ,21.0,Female,43171.0,2019-09-04,user304@example.com
305,name_305,,Female,963546.8503727119,2020-05-06,user305@example.com
306,name_306,34.0,Male,68713.0,09-10-2017,user306@example.com
307,name_307,45.0,,49734.0,09-05-2018,user307@example.com
308,name_308,47.0,Male,92588.0,2019-01-08,user308@example.com
309, name_309 ,46.0,Male,83646.0,2020-04-12,user309@example.com
310,name_310,23.0,Female,23654.0,2018-09-09,user310@example.com
311,name_311,52.0,F,884061.5505676167,2017-11-24,user311@example.com
312,name_312,58.0,,,03-09-2017,invalid_email
313,name_313,54.0,Female,94172.0,2016-04-26,user313@example.com
314,name_314,41.0,Female,26441.0,2016-12-28,invalid_email
315,name_315,46.0,F,972974.6056177088,2016-04-24,user315@example.com
316,name_316,,Female,32149.0,2017-12-24,user316@example.com
317, name_317 ,52.0,M,79189.0,2017-10-28,user317@example.com
318,name_318,50.0,Male,727438.3962116393,2018-08-17,user318@example.com
319,name_319,38.0,F,,2015-12-09,user319@example.com
320,name_320,49.0,M,62668.0,2018-12-25,user320@example.com
321,name_321,40.0,Male,33673.0,2018-12-18,user321@example.com
322,name_322,50.0,Male,,28-11-2015,user322@example.com
323,name_323,20.0,Female,85429.0,2016-03-13,user323@example.com
324,name_324,35.0,Female,43669.0,2019-05-31,user324@example.com
325,name_325,42.0,,,2015-06-23,user325@example.com
326,name_326,59.0,Male,770452.9710391088,2016-07-12,user326@example.com
327,name_327,48.0,Female,72249.0,2016-06-10,user327@example.com
328,name_328,20.0,Female,57384.0,2020-03-11,invalid_email
329,name_329,57.0,Male,,2016-10-20,user329@example.com
330,name_330,41.0,Female,95388.0,2015-01-26,user330@example.com
331,name_331,49.0,Female,51401.0,2017-03-30,user331@example.com
332,name_332,39.0,Male,,2016-08-27,user332@example.com
333,name_333,40.0,Male,54084.0,2016-02-10,user333@example.com
334, name_334 ,19.0,Male,,2015-08-20,user334@example.com
335,name_335,,Female,56451.0,2016-06-16,user335@example.com
336,name_336,59.0,Female,27227.0,2020-01-17,user336@example.com
337,name_337,19.0,Female,51910.0,2019-04-23,user337@example.com
338,name_338,43.0,Male,56041.0,2019-12-17,user338@example.com
339, name_339 ,34.0,Male,85681.0,2016-05-19,user339@example.com
340, name_340 ,57.0,Female,85481.0,2019-08-20,user340@example.com
341,name_341,50.0,Female,88576.0,2015-06-28,user341@example.com
342,name_342,26.0,Male,84174.0,2015-05-12,user342@example.com
343,name_343,56.0,Male,46160.0,2020-01-21,user343@example.com
344,name_344,46.0,Male,37633.0,2019-01-18,user344@example.com
345, name_345 ,,M,37014.0,2015-12-14,user345@example.com
346,name_346,43.0,,69104.0,2016-06-23,user346@example.com
347,name_347,52.0,M,,2017-02-10,user347@example.com
348,name_348,42.0,F,97231.0,2018-11-30,user348@example.com
349,name_349,41.0,Female,88388.0,2015-03-17,user349@example.com
350,name_350,30.0,Female,36014.0,18-05-2020,user350@example.com
351,name_351,24.0,Male,53755.0,01-08-2016,user351@example.com
352,name_352,53.0,,,03-05-2017,user352@example.com
353,name_353,,M,43711.0,2019-02-24,user353@example.com
354,name_354,18.0,,77993.0,2015-07-13,user354@example.com
355,name_355,25.0,Female,94696.0,2018-03-31,user355@example.com
356,name_356,33.0,Male,47213.0,2015-12-13,user356@example.com
357,name_357,31.0,Male,77784.0,2017-08-08,user357@example.com
358,name_358,,Female,27421.0,16-10-2018,invalid_email
359,name_359,40.0,M,37727.0,2019-11-28,user359@example.com
360, name_360 ,32.0,F,635142.0159561048,2019-05-27,invalid_email
361, name_361 ,45.0,Female,85108.0,2018-01-15,user361@example.com
362,name_362,51.0,,,2020-05-11,user362@example.com
363, name_363 ,19.0,Female,51910.0,2018-07-09,user363@example.com
364,name_364,49.0,Female,75754.0,2015-08-02,user364@example.com
365,name_365,40.0,,82438.0,2019-08-16,user365@example.com
366, name_366 ,,Female,49371.0,2019-10-12,invalid_email
367,name_367,42.0,F,71501.0,2020-04-20,user367@example.com
368,name_368,39.0,Male,80946.0,26-07-2016,user368@example.com
369,name_369,39.0,Male,58467.0,2017-02-18,user369@example.com
370, name_370 ,,,,2015-09-19,user370@example.com
371,name_371,23.0,M,53893.0,2016-12-30,user371@example.com
372,name_372,32.0,Female,96329.0,2015-10-10,user372@example.com
373,name_373,54.0,Male,51007.0,2019-07-30,user373@example.com
374,name_374,,F,,2019-01-30,user374@example.com
375,name_375,25.0,Male,74253.0,2018-11-04,user375@example.com
376,name_376,22.0,Male,32323.0,2015-12-28,user376@example.com
377, name_377 ,56.0,M,93379.0,12-01-2019,user377@example.com
378,name_378,21.0,Female,34210.0,16-03-2016,user378@example.com
379, name_379 ,23.0,Male,36456.0,2015-04-03,user379@example.com
380,name_380,49.0,Female,51367.0,2019-07-03,invalid_email
381,name_381,47.0,Female,74624.0,2017-01-22,user381@example.com
382, name_382 ,52.0,Male,30106.0,2017-05-16,user382@example.com
383,name_383,57.0,Male,88008.0,2018-12-18,user383@example.com
384,name_384,33.0,Male,92240.0,2015-05-22,invalid_email
385, name_385 ,30.0,F,84315.0,2018-08-07,user385@example.com
386,name_386,59.0,Male,89249.0,2018-12-26,user386@example.com
387,name_387,47.0,Female,90587.0,2017-01-18,user387@example.com
388,name_388,36.0,Female,30756.0,2020-02-19,user388@example.com
389,name_389,,M,88011.0,2020-01-22,invalid_email
390,name_390,36.0,Male,56378.0,09-09-2019,user390@example.com
391,name_391,45.0,Female,786107.8746284076,2016-10-14,user391@example.com
392,name_392,43.0,Female,34484.0,2016-12-01,invalid_email
393,name_393,54.0,,76549.0,2017-09-24,user393@example.com
394,name_394,43.0,Male,54503.0,2015-02-18,user394@example.com
395,name_395,40.0,Female,93794.0,2018-08-18,user395@example.com
396,name_396,26.0,Male,65113.0,2017-05-30,user396@example.com
397,name_397,29.0,Female,94069.0,2018-04-28,user397@example.com
398, name_398 ,18.0,Female,,2018-03-05,user398@example.com
399,name_399,18.0,,39201.0,2016-07-08,user399@example.com
400, name_400 ,,Female,78576.0,2016-02-08,user400@example.com
401, name_401 ,49.0,Male,802175.8483236514,2017-06-10,user401@example.com
402,name_402,42.0,Male,73363.0,2017-05-14,user402@example.com
403,name_403,57.0,Female,,2016-08-24,user403@example.com
404,name_404,18.0,Male,64843.0,2020-01-05,invalid_email
405,name_405,33.0,Male,80963.0,2015-12-07,user405@example.com
406, name_406 ,56.0,,842600.4612893946,16-11-2019,user406@example.com
407,name_407,22.0,Male,68604.0,2020-05-22,user407@example.com
408,name_408,39.0,Male,30526.0,2016-12-04,user408@example.com
409,name_409,46.0,M,88910.0,2015-11-14,user409@example.com
410,name_410,20.0,Female,45592.0,2016-09-09,user410@example.com
411,name_411,29.0,Male,48982.0,18-10-2018,user411@example.com
412,name_412,43.0,Female,20207.0,20-01-2020,user412@example.com
413, name_413 ,33.0,Female,748988.9455206803,2016-01-17,user413@example.com
414,name_414,54.0,Male,49328.0,2015-08-21,user414@example.com
415,name_415,39.0,M,66479.0,2019-12-06,user415@example.com
416,name_416,,M,40103.0,2018-09-29,user416@example.com
417,name_417,31.0,,59891.0,22-04-2019,user417@example.com
418,name_418,45.0,Male,30754.0,2017-03-27,user418@example.com
419, name_419 ,22.0,Male,92982.0,2016-07-06,user419@example.com
420,name_420,47.0,M,75922.0,2019-04-02,user420@example.com
421,name_421,22.0,M,,2017-05-05,user421@example.com
422, name_422 ,29.0,Male,49301.0,2019-12-18,user422@example.com
423, name_423 ,33.0,F,82711.0,2017-03-29,user423@example.com
424, name_424 ,43.0,Female,61323.0,2019-05-14,user424@example.com
425,name_425,43.0,Male,38752.0,2020-05-12,user425@example.com
426,name_426,38.0,Male,33395.0,02-07-2015,user426@example.com
427,name_427,56.0,Male,76273.0,2017-11-30,user427@example.com
428, name_428 ,53.0,M,24895.0,2019-04-24,user428@example.com
429,name_429,50.0,Female,96559.0,01-02-2016,user429@example.com
430,name_430,47.0,Male,30699.0,24-09-2019,user430@example.com
431,name_431,54.0,Female,85061.0,2017-02-17,user431@example.com
432,name_432,,Female,29715.0,2019-02-26,user432@example.com
433,name_433,27.0,Male,39169.0,10-08-2019,user433@example.com
434,name_434,22.0,Female,36163.0,25-06-2017,user434@example.com
435, name_435 ,,Female,25782.0,18-09-2018,user435@example.com
436, name_436 ,51.0,Female,55585.0,2015-05-07,user436@example.com
437,name_437,48.0,Female,50682.0,2019-05-01,user437@example.com
438,name_438,27.0,Male,67864.0,2019-04-30,user438@example.com
439,name_439,,Male,75114.0,2015-01-01,user439@example.com
440, name_440 ,49.0,Female,58067.0,2018-04-06,user440@example.com
441,name_441,18.0,Male,62685.0,2019-07-02,user441@example.com
442,name_442,22.0,Male,38073.0,2015-01-19,invalid_email
443, name_443 ,21.0,Male,56035.0,2018-09-17,invalid_email
444,name_444,33.0,Male,84977.0,2016-08-06,user444@example.com
445, name_445 ,41.0,M,85450.0,2016-03-31,user445@example.com
446,name_446,33.0,Female,30382.0,2017-08-14,user446@example.com
447,name_447,19.0,Male,24437.0,2018-02-06,invalid_email
448,name_448,45.0,Male,90971.0,2018-07-15,user448@example.com
449,name_449,49.0,M,84612.0,20-03-2016,user449@example.com
450,name_450,44.0,Male,81929.0,2018-06-17,user450@example.com
451, name_451 ,37.0,F,32329.0,2020-05-06,user451@example.com
452, name_452 ,41.0,Female,45169.0,2018-08-17,user452@example.com
453,name_453,29.0,F,54594.0,2016-08-24,user453@example.com
454,name_454,,Female,,2015-04-13,user454@example.com
455,name_455,50.0,Male,80631.0,2017-09-14,user455@example.com
456,name_456,50.0,Female,65033.0,2018-06-27,user456@example.com
457,name_457,54.0,Male,,2019-01-16,user457@example.com
458,name_458,29.0,M,93165.0,2016-06-03,user458@example.com
459,name_459,20.0,Male,93861.0,2018-03-22,user459@example.com
460,name_460,18.0,Male,834568.0268651048,2017-05-08,invalid_email
461,name_461,50.0,Male,51750.0,23-06-2015,invalid_email
462,name_462,57.0,F,60461.0,2018-09-28,invalid_email
463,name_463,27.0,Female,93800.0,2019-08-21,user463@example.com
464,name_464,46.0,,98222.0,2017-10-01,user464@example.com
465, name_465 ,30.0,F,44226.0,2016-03-06,user465@example.com
466,name_466,29.0,M,26721.0,2016-12-27,user466@example.com
467,name_467,,Female,76154.0,2019-09-09,user467@example.com
468, name_468 ,19.0,M,40609.0,07-09-2019,user468@example.com
469,name_469,52.0,Female,72130.0,2020-02-19,user469@example.com
470,name_470,40.0,,92909.0,2017-04-29,user470@example.com
471,name_471,34.0,Male,75249.0,2019-08-09,user471@example.com
472,name_472,,Female,68895.0,2020-06-08,user472@example.com
473,name_473,25.0,,25656.0,2018-09-09,user473@example.com
474,name_474,46.0,Male,94520.0,2017-09-16,user474@example.com
475,name_475,43.0,F,83740.0,2019-08-24,user475@example.com
476, name_476 ,27.0,Male,84309.0,2016-09-30,user476@example.com
477, name_477 ,,Female,982705.8803097182,2016-02-24,user477@example.com
478,name_478,51.0,Female,93822.0,2016-08-16,user478@example.com
479,name_479,,Female,25901.0,2016-04-29,user479@example.com
480,name_480,24.0,Male,51552.0,2019-08-10,user480@example.com
481,name_481,21.0,Male,51055.0,10-11-2019,user481@example.com
482,name_482,,Male,57685.0,2016-02-16,user482@example.com
483,name_483,46.0,Female,93965.0,2017-07-24,user483@example.com
484,name_484,53.0,M,666451.9159347943,2018-01-12,user484@example.com
485,name_485,,Female,794135.8290502033,2018-02-10,user485@example.com
486,name_486,38.0,Female,900864.8835940722,2019-10-27,user486@example.com
487, name_487 ,53.0,Male,71112.0,2015-11-28,user487@example.com
488,name_488,27.0,Female,43429.0,2018-11-02,user488@example.com
489, name_489 ,54.0,Male,70200.0,2019-11-14,user489@example.com
490,name_490,,Male,679513.2403871046,2016-10-16,user490@example.com
491,name_491,41.0,,,2015-02-10,user491@example.com
492,name_492,52.0,Male,37347.0,12-05-2020,user492@example.com
493,name_493,52.0,M,36920.0,2019-11-29,user493@example.com
494, name_494 ,53.0,Female,51822.0,2017-08-16,user494@example.com
495,name_495,35.0,Female,66659.0,26-12-2019,user495@example.com
496, name_496 ,56.0,Female,,2015-04-15,user496@example.com
497,name_497,49.0,Male,27967.0,2015-07-21,user497@example.com
498,name_498,41.0,Male,706517.6288341107,25-03-2016,user498@example.com
499,name_499,40.0,Male,97452.0,2020-01-17,user499@example.com
500,name_500,49.0,F,94270.0,2020-02-10,user500@example.com
501, name_501 ,54.0,Male,53613.0,2020-06-19,user501@example.com
502,name_502,29.0,F,,2018-07-13,user502@example.com
503,name_503,30.0,,72188.0,2017-06-28,user503@example.com
504,name_504,40.0,M,75099.0,2015-07-29,user504@example.com
505,name_505,42.0,M,55262.0,16-07-2016,user505@example.com
506,name_506,52.0,Female,98213.0,15-02-2018,user506@example.com
507,name_507,58.0,M,38268.0,2016-12-13,user507@example.com
508, name_508 ,,Female,97866.0,2018-11-01,user508@example.com
509,name_509,34.0,Male,,2019-04-24,user509@example.com
510, name_510 ,37.0,,,2019-04-13,user510@example.com
511,name_511,42.0,F,91966.0,2017-02-09,user511@example.com
512,name_512,39.0,Male,59922.0,2018-01-12,user512@example.com
513,name_513,30.0,Female,99364.0,2016-03-29,user513@example.com
514,name_514,36.0,Male,62913.0,2016-10-28,user514@example.com
515,name_515,53.0,Female,75677.0,2016-09-20,user515@example.com
516,name_516,29.0,Female,69841.0,2019-03-18,user516@example.com
517,name_517,58.0,Male,66332.0,17-06-2019,user517@example.com
518,name_518,36.0,Female,692577.5987985262,2019-08-29,invalid_email
519,name_519,29.0,M,57846.0,22-01-2016,user519@example.com
520,name_520,26.0,Male,79474.0,2020-04-19,invalid_email
521,name_521,24.0,Male,64936.0,2018-10-05,user521@example.com
522,name_522,45.0,Female,49794.0,2015-10-23,user522@example.com
523,name_523,31.0,Female,81588.0,15-09-2015,user523@example.com
524,name_524,48.0,Male,90984.0,2018-01-09,invalid_email
525,name_525,36.0,,70331.0,2020-05-14,user525@example.com
526, name_526 ,33.0,Female,48141.0,2015-09-25,user526@example.com
527,name_527,,Male,29074.0,2016-02-23,user527@example.com
528,name_528,52.0,Male,26406.0,2015-08-23,user528@example.com
529,name_529,29.0,Female,43291.0,2020-01-31,user529@example.com
530, name_530 ,,Male,61568.0,2018-08-27,user530@example.com
531,name_531,,Female,66851.0,2020-01-11,user531@example.com
532,name_532,53.0,Male,74823.0,21-06-2020,invalid_email
533,name_533,40.0,,43312.0,2017-09-12,user533@example.com
534,name_534,,Male,63108.0,2018-10-12,user534@example.com
535,name_535,,Male,86918.0,2018-05-21,invalid_email
536,name_536,59.0,,,2016-07-27,user536@example.com
537,name_537,56.0,,61779.0,2015-02-18,user537@example.com
538,name_538,31.0,Female,88828.0,24-02-2018,user538@example.com
539,name_539,48.0,M,32411.0,2015-08-11,user539@example.com
540,name_540,22.0,F,77009.0,2017-07-09,user540@example.com
541,name_541,52.0,Female,685717.9370156606,2018-07-26,user541@example.com
542, name_542 ,40.0,Female,,2018-12-02,user542@example.com
543,name_543,46.0,Female,,2019-03-09,user543@example.com
544, name_544 ,28.0,Male,77022.0,10-08-2018,user544@example.com
545, name_545 ,35.0,Male,91229.0,2019-12-25,invalid_email
546,name_546,29.0,Female,71196.0,2015-10-04,invalid_email
547,name_547,26.0,Female,46715.0,2019-01-01,user547@example.com
548, name_548 ,27.0,,47605.0,2018-02-04,user548@example.com
549,name_549,34.0,,51174.0,2019-08-09,user549@example.com
550,name_550,55.0,Male,29956.0,2016-02-24,user550@example.com
551,name_551,24.0,Male,96373.0,2016-09-02,user551@example.com
552,name_552,30.0,Male,89252.0,2018-12-23,user552@example.com
553, name_553 ,57.0,Female,850817.241703403,2016-01-10,user553@example.com
554,name_554,59.0,Female,82646.0,2015-03-14,user554@example.com
555,name_555,26.0,Female,,2020-05-26,user555@example.com
556,name_556,44.0,Male,83037.0,2019-07-16,invalid_email
557,name_557,19.0,Male,26548.0,2017-11-19,invalid_email
558,name_558,22.0,Male,93294.0,2018-04-26,user558@example.com
559,name_559,46.0,Female,43177.0,2018-10-19,user559@example.com
560,name_560,54.0,Female,44022.0,2020-03-04,user560@example.com
561,name_561,55.0,Male,25542.0,2019-12-29,user561@example.com
562,name_562,36.0,F,80428.0,2019-01-14,user562@example.com
563,name_563,,M,42740.0,14-07-2015,user563@example.com
564, name_564 ,18.0,M,79353.0,2018-03-25,user564@example.com
565,name_565,39.0,Female,,2018-04-10,user565@example.com
566,name_566,34.0,Male,36052.0,2017-04-26,user566@example.com
567,name_567,24.0,,67076.0,2017-11-30,user567@example.com
568, name_568 ,42.0,,73420.0,2017-12-22,user568@example.com
569, name_569 ,21.0,Female,20671.0,2015-01-23,user569@example.com
570, name_570 ,53.0,Female,20163.0,2015-12-26,invalid_email
571,name_571,23.0,,61424.0,03-01-2018,user571@example.com
572, name_572 ,48.0,Male,73744.0,2016-07-13,user572@example.com
573, name_573 ,36.0,Male,90331.0,02-11-2016,user573@example.com
574,name_574,56.0,,30634.0,2020-01-23,user574@example.com
575, name_575 ,44.0,Female,24798.0,2018-02-15,user575@example.com
576,name_576,27.0,M,42420.0,2019-06-24,user576@example.com
577,name_577,43.0,Male,49300.0,2018-11-04,user577@example.com
578,name_578,36.0,Male,30749.0,2020-05-06,user578@example.com
579,name_579,56.0,,45121.0,2020-04-27,user579@example.com
580,name_580,20.0,M,57487.0,2016-11-09,user580@example.com
581,name_581,30.0,Male,53361.0,06-08-2018,user581@example.com
582,name_582,45.0,Female,41223.0,2016-03-15,user582@example.com
583,name_583,,Male,92930.0,2019-08-19,user583@example.com
584,name_584,45.0,Male,34056.0,2017-07-21,invalid_email
585,name_585,25.0,Male,48380.0,2015-01-07,user585@example.com
586,name_586,58.0,Female,46035.0,04-05-2018,user586@example.com
587,name_587,56.0,Female,50620.0,2016-02-25,user587@example.com
588,name_588,18.0,Female,39877.0,2019-05-11,user588@example.com
589,name_589,20.0,Female,75316.0,2017-04-12,invalid_email
590,name_590,30.0,,84041.0,2018-05-01,user590@example.com
591,name_591,45.0,Female,73352.0,2016-07-12,user591@example.com
592,name_592,42.0,Female,50911.0,17-03-2018,user592@example.com
593, name_593 ,50.0,,52784.0,2019-12-16,user593@example.com
594,name_594,55.0,Male,23191.0,2019-08-20,user594@example.com
595,name_595,23.0,Female,53160.0,2018-05-10,user595@example.com
596,name_596,49.0,Male,84641.0,2019-01-07,user596@example.com
597, name_597 ,,,,2017-07-02,user597@example.com
598,name_598,33.0,Female,23631.0,2018-12-13,user598@example.com
599,name_599,38.0,Male,26172.0,2018-12-21,user599@example.com
600,name_600,28.0,Male,62080.0,2017-10-03,user600@example.com
601,name_601,54.0,Male,40281.0,11-02-2019,user601@example.com
602,name_602,53.0,,48671.0,2019-02-07,user602@example.com
603,name_603,52.0,M,,2015-05-06,user603@example.com
604, name_604 ,36.0,F,48602.0,2016-01-30,user604@example.com
605,name_605,37.0,,71399.0,2017-03-27,user605@example.com
606,name_606,35.0,F,43472.0,2017-05-30,user606@example.com
607,name_607,58.0,Male,69230.0,04-01-2020,user607@example.com
608, name_608 ,31.0,Female,93616.0,2016-07-29,user608@example.com
609,name_609,,Male,720127.9641008705,2015-11-21,user609@example.com
610,name_610,48.0,Male,45431.0,2018-11-16,user610@example.com
611,name_611,18.0,Male,858919.1199089184,2017-07-18,invalid_email
612,name_612,20.0,Male,67684.0,2019-09-08,user612@example.com
613,name_613,33.0,F,50111.0,2019-07-10,user613@example.com
614,name_614,40.0,,83936.0,2019-01-03,user614@example.com
615,name_615,28.0,Male,42614.0,2018-05-12,user615@example.com
616,name_616,29.0,Female,61991.0,2019-02-18,user616@example.com
617,name_617,27.0,Male,90476.0,2017-04-12,user617@example.com
618,name_618,,Female,80920.0,2017-11-20,user618@example.com
619,name_619,33.0,F,954418.0448709201,2018-11-12,user619@example.com
620,name_620,25.0,Male,56224.0,2019-07-07,user620@example.com
621,name_621,55.0,Female,27788.0,2020-03-15,user621@example.com
622,name_622,29.0,Male,48082.0,2018-12-28,user622@example.com
623,name_623,41.0,F,96816.0,2017-04-16,user623@example.com
624,name_624,45.0,Male,,14-07-2017,user624@example.com
625,name_625,25.0,Male,64857.0,2018-10-31,user625@example.com
626,name_626,45.0,Female,30142.0,2018-09-29,user626@example.com
627,name_627,,Female,,2016-03-18,user627@example.com
628,name_628,43.0,Male,29866.0,2019-05-22,user628@example.com
629,name_629,,Female,90067.0,16-03-2015,invalid_email
630, name_630 ,45.0,Female,84027.0,2016-07-10,user630@example.com
631,name_631,45.0,Male,77906.0,2019-12-01,user631@example.com
632, name_632 ,54.0,Male,48138.0,17-08-2019,user632@example.com
633, name_633 ,58.0,Female,49956.0,2018-03-24,user633@example.com
634,name_634,53.0,Male,96295.0,2018-12-24,user634@example.com
635,name_635,44.0,M,699408.248574882,2015-12-29,user635@example.com
636, name_636 ,34.0,M,67241.0,2016-03-23,user636@example.com
637,name_637,,Female,62533.0,2018-06-11,user637@example.com
638,name_638,50.0,Female,48270.0,06-05-2019,user638@example.com
639,name_639,,Male,98815.0,2020-01-16,user639@example.com
640,name_640,30.0,Female,59279.0,2015-09-19,user640@example.com
641,name_641,45.0,Male,,2020-01-25,invalid_email
642,name_642,46.0,F,37630.0,2015-05-05,user642@example.com
643,name_643,30.0,Male,81063.0,29-06-2017,user643@example.com
644, name_644 ,52.0,Male,55144.0,2015-09-02,user644@example.com
645, name_645 ,23.0,Female,72161.0,2016-06-25,invalid_email
646,name_646,35.0,Male,97360.0,2020-05-15,user646@example.com
647,name_647,22.0,Female,70979.0,2016-04-29,user647@example.com
648,name_648,42.0,,26979.0,2015-05-02,user648@example.com
649, name_649 ,19.0,Male,46189.0,05-05-2015,user649@example.com
650,name_650,27.0,Male,62600.0,22-04-2019,user650@example.com
651,name_651,47.0,,79560.0,2015-06-19,invalid_email
652,name_652,22.0,Male,98040.0,2015-05-04,user652@example.com
653,name_653,50.0,Male,81558.0,2020-03-07,user653@example.com
654,name_654,18.0,M,26910.0,2017-11-24,user654@example.com
655,name_655,,Male,77713.0,2018-01-15,invalid_email
656,name_656,49.0,Male,66857.0,2016-10-07,user656@example.com
657,name_657,28.0,Female,54964.0,2019-09-28,user657@example.com
658,name_658,38.0,Female,45227.0,2017-02-24,user658@example.com
659,name_659,43.0,Male,25978.0,2015-07-20,user659@example.com
660,name_660,42.0,,37153.0,2016-01-04,invalid_email
661, name_661 ,39.0,Male,79765.0,2017-03-07,user661@example.com
662,name_662,44.0,F,59071.0,2015-03-18,user662@example.com
663, name_663 ,30.0,Male,89519.0,2015-02-28,user663@example.com
664, name_664 ,50.0,F,29503.0,2016-03-06,invalid_email
665,name_665,51.0,Female,80703.0,29-09-2016,user665@example.com
666,name_666,58.0,Female,84379.0,04-03-2019,invalid_email
667,name_667,52.0,Male,77866.0,2020-04-20,user667@example.com
668,name_668,18.0,Female,,2015-04-19,user668@example.com
669,name_669,38.0,M,,2019-10-26,invalid_email
670,name_670,23.0,Female,,2017-10-04,user670@example.com
671,name_671,45.0,Male,46806.0,25-07-2018,user671@example.com
672, name_672 ,34.0,,65000.0,2015-03-09,user672@example.com
673, name_673 ,22.0,Male,42168.0,2017-12-28,user673@example.com
674,name_674,48.0,Female,612129.3745465635,2018-04-03,user674@example.com
675, name_675 ,22.0,M,58714.0,2019-02-21,user675@example.com
676,name_676,55.0,Male,74093.0,2015-11-01,user676@example.com
677,name_677,20.0,M,75419.0,2020-04-16,user677@example.com
678,name_678,40.0,Male,69145.0,2016-11-04,user678@example.com
679,name_679,54.0,F,97425.0,2015-12-31,user679@example.com
680, name_680 ,54.0,Female,97811.0,2020-02-21,user680@example.com
681,name_681,27.0,Male,22461.0,2017-03-31,user681@example.com
682,name_682,27.0,Female,34291.0,2018-11-03,user682@example.com
683,name_683,36.0,Male,66804.0,09-12-2015,user683@example.com
684, name_684 ,,Male,96971.0,2017-08-04,user684@example.com
685, name_685 ,38.0,Female,84946.0,17-06-2017,user685@example.com
686,name_686,31.0,Male,660177.7870190903,27-04-2019,user686@example.com
687,name_687,26.0,M,,2018-10-09,user687@example.com
688,name_688,18.0,Female,50841.0,2018-12-10,user688@example.com
689,name_689,30.0,,68758.0,2018-02-06,user689@example.com
690,name_690,,Male,96272.0,2019-05-06,user690@example.com
691,name_691,18.0,Male,57643.0,2017-01-31,user691@example.com
692,name_692,57.0,Male,70408.0,2019-03-01,user692@example.com
693,name_693,49.0,Female,63950.0,2015-12-07,invalid_email
694,name_694,51.0,Female,76849.0,2017-07-30,user694@example.com
695, name_695 ,45.0,Female,641598.506611032,2016-01-18,user695@example.com
696,name_696,48.0,,35997.0,2017-09-30,user696@example.com
697,name_697,25.0,Male,,2019-04-06,user697@example.com
698,name_698,56.0,F,43911.0,2015-10-27,invalid_email
699, name_699 ,43.0,Male,75533.0,2015-05-19,user699@example.com
700, name_700 ,51.0,,34571.0,2015-12-25,user700@example.com
701,name_701,20.0,,77941.0,2017-04-15,user701@example.com
702,name_702,29.0,,78005.0,2019-03-03,user702@example.com
703,name_703,18.0,Female,78712.0,2018-11-09,user703@example.com
704, name_704 ,,Female,63541.0,16-06-2019,user704@example.com
705,name_705,47.0,Female,43387.0,2020-06-05,user705@example.com
706,name_706,,Male,68908.0,2018-07-27,user706@example.com
707, name_707 ,34.0,,892428.0636644711,2019-07-19,user707@example.com
708, name_708 ,40.0,Female,84028.0,27-04-2016,invalid_email
709,name_709,32.0,Male,75731.0,2017-06-27,user709@example.com
710,name_710,,Male,44858.0,2018-02-08,user710@example.com
711,name_711,38.0,Female,68689.0,2017-05-15,user711@example.com
712,name_712,31.0,F,64638.0,2015-05-19,user712@example.com
713, name_713 ,19.0,F,66486.0,2017-09-22,invalid_email
714, name_714 ,28.0,Female,40567.0,2016-03-10,user714@example.com
715,name_715,56.0,Male,49739.0,2016-05-23,user715@example.com
716,name_716,55.0,Female,77804.0,2015-09-30,user716@example.com
717,name_717,51.0,Female,23754.0,2018-01-27,user717@example.com
718,name_718,,Male,,2019-11-23,user718@example.com
719,name_719,51.0,Female,87260.0,2020-02-17,user719@example.com
720,name_720,35.0,Male,86912.0,2015-04-14,user720@example.com
721,name_721,47.0,Male,28706.0,22-05-2018,user721@example.com
722, name_722 ,32.0,M,28894.0,2019-11-20,user722@example.com
723,name_723,44.0,Female,38037.0,15-08-2019,user723@example.com
724, name_724 ,,F,623279.2353199497,2017-01-31,user724@example.com
725,name_725,55.0,Male,49725.0,2017-02-25,invalid_email
726,name_726,50.0,Female,,2015-06-14,user726@example.com
727,name_727,,Female,29496.0,25-09-2017,user727@example.com
728,name_728,32.0,Male,734672.1873109181,2020-02-20,user728@example.com
729,name_729,47.0,Male,49806.0,2016-06-03,user729@example.com
730,name_730,59.0,Female,61321.0,2018-07-31,user730@example.com
731,name_731,34.0,Male,85095.0,2016-05-31,user731@example.com
732,name_732,22.0,F,42656.0,2016-10-18,user732@example.com
733,name_733,46.0,F,75147.0,2016-09-04,user733@example.com
734, name_734 ,21.0,F,69666.0,2015-06-13,user734@example.com
735,name_735,27.0,Female,58787.0,2020-03-24,user735@example.com
736, name_736 ,34.0,Male,82946.0,2019-08-10,user736@example.com
737,name_737,27.0,M,41727.0,05-03-2015,user737@example.com
738,name_738,34.0,M,,2018-01-19,user738@example.com
739,name_739,37.0,,23081.0,2018-02-14,user739@example.com
740,name_740,41.0,Female,54196.0,2020-03-04,user740@example.com
741,name_741,22.0,Female,56735.0,2015-09-24,user741@example.com
742,name_742,51.0,Male,99578.0,2020-01-20,user742@example.com
743,name_743,23.0,F,45498.0,05-09-2019,user743@example.com
744,name_744,19.0,F,96865.0,2019-05-02,user744@example.com
745,name_745,30.0,Female,51656.0,2018-03-09,user745@example.com
746,name_746,28.0,Male,87695.0,2015-09-03,user746@example.com
747, name_747 ,40.0,Male,57900.0,12-08-2019,user747@example.com
748,name_748,33.0,Male,,2019-11-17,user748@example.com
749, name_749 ,48.0,Female,,2016-01-30,user749@example.com
750,name_750,28.0,Male,600410.3171247358,2019-02-19,user750@example.com
751,name_751,,Male,55851.0,2016-04-20,user751@example.com
752, name_752 ,25.0,,46832.0,2019-03-21,user752@example.com
753, name_753 ,,,83437.0,2017-09-03,user753@example.com
754,name_754,57.0,Male,33944.0,2018-04-22,user754@example.com
755,name_755,21.0,Male,,09-11-2017,user755@example.com
756,name_756,42.0,Female,60372.0,2020-05-14,user756@example.com
757,name_757,20.0,Female,35379.0,11-07-2016,user757@example.com
758,name_758,49.0,Male,56751.0,2017-10-14,user758@example.com
759, name_759 ,20.0,Male,25110.0,28-03-2019,invalid_email
760,name_760,44.0,Female,74341.0,2019-05-25,user760@example.com
761,name_761,46.0,Female,32087.0,2019-04-02,user761@example.com
762, name_762 ,49.0,Male,43762.0,2017-06-01,user762@example.com
763,name_763,36.0,Male,29596.0,2015-05-27,user763@example.com
764,name_764,,Male,38313.0,2016-10-27,invalid_email
765,name_765,22.0,Male,86549.0,2018-08-20,user765@example.com
766, name_766 ,35.0,Female,43705.0,2016-09-11,invalid_email
767, name_767 ,,Male,87364.0,2019-11-07,user767@example.com
768,name_768,59.0,M,93445.0,2017-03-30,user768@example.com
769, name_769 ,39.0,Male,98645.0,13-05-2017,user769@example.com
770,name_770,38.0,Male,22023.0,2016-08-04,user770@example.com
771,name_771,23.0,Female,79796.0,2017-10-19,user771@example.com
772,name_772,18.0,Female,,2016-11-25,user772@example.com
773, name_773 ,22.0,Female,647872.8671460323,2019-11-21,user773@example.com
774, name_774 ,58.0,M,53848.0,2018-06-05,user774@example.com
775,name_775,29.0,Male,57804.0,2018-01-30,invalid_email
776,name_776,43.0,F,35379.0,2019-05-30,user776@example.com
777,name_777,51.0,Male,79664.0,2018-12-11,user777@example.com
778,name_778,,Male,47766.0,2020-06-04,user778@example.com
779, name_779 ,43.0,,,24-05-2018,user779@example.com
780,name_780,44.0,,56060.0,11-02-2016,user780@example.com
781,name_781,26.0,F,89122.0,2016-02-03,user781@example.com
782, name_782 ,43.0,F,36087.0,2020-04-30,user782@example.com
783,name_783,39.0,M,68868.0,15-12-2016,user783@example.com
784,name_784,47.0,Male,43225.0,04-12-2016,user784@example.com
785,name_785,34.0,Female,,2017-01-30,user785@example.com
786,name_786,43.0,Male,56727.0,2016-05-13,user786@example.com
787,name_787,53.0,Female,31005.0,2019-11-13,user787@example.com
788,name_788,18.0,Female,85697.0,2019-01-28,invalid_email
789,name_789,25.0,Male,36029.0,11-09-2019,user789@example.com
790,name_790,52.0,Female,34226.0,2020-05-26,user790@example.com
791, name_791 ,32.0,Male,83646.0,2017-08-31,user791@example.com
792,name_792,39.0,M,80603.0,2019-10-21,invalid_email
793,name_793,31.0,M,48731.0,2015-03-23,user793@example.com
794,name_794,43.0,Male,88926.0,2016-08-26,user794@example.com
795, name_795 ,45.0,F,25997.0,2020-05-24,user795@example.com
796,name_796,,Male,75506.0,2019-09-07,user796@example.com
797,name_797,31.0,Female,98229.0,10-11-2019,user797@example.com
798, name_798 ,41.0,Female,69815.0,2017-02-10,user798@example.com
799,name_799,19.0,Female,62092.0,2017-06-21,user799@example.com
800,name_800,,Female,82539.0,2015-12-31,user800@example.com
801,name_801,31.0,M,86077.0,2015-06-12,user801@example.com
802, name_802 ,24.0,Male,41817.0,2017-12-07,user802@example.com
803,name_803,,Female,57861.0,2016-05-25,user803@example.com
804,name_804,40.0,Female,33428.0,2018-09-14,user804@example.com
805,name_805,35.0,Male,63934.0,2020-02-07,user805@example.com
806,name_806,55.0,,30258.0,26-04-2015,invalid_email
807, name_807 ,52.0,Male,77775.0,2017-07-29,user807@example.com
808,name_808,,F,25469.0,2020-02-16,user808@example.com
809,name_809,42.0,M,48854.0,2015-12-03,user809@example.com
810,name_810,54.0,Female,26256.0,2017-05-30,invalid_email
811,name_811,45.0,Female,96256.0,06-01-2017,user811@example.com
812,name_812,27.0,Male,53937.0,2020-03-02,user812@example.com
813, name_813 ,56.0,Female,21651.0,2017-04-19,user813@example.com
814,name_814,34.0,Female,70288.0,27-05-2015,user814@example.com
815,name_815,56.0,M,45051.0,2019-05-18,user815@example.com
816,name_816,39.0,,47386.0,2020-01-04,user816@example.com
817,name_817,43.0,Male,95054.0,2018-09-08,user817@example.com
818,name_818,42.0,Male,36184.0,2016-03-18,invalid_email
819, name_819 ,34.0,Female,53787.0,16-04-2017,user819@example.com
820,name_820,30.0,Female,41621.0,2017-11-02,user820@example.com
821,name_821,37.0,Female,95564.0,2017-07-31,user821@example.com
822,name_822,42.0,Female,97984.0,2019-02-26,user822@example.com
823,name_823,21.0,Female,79792.0,21-09-2019,user823@example.com
824,name_824,,Female,65253.0,2015-10-14,user824@example.com
825,name_825,20.0,Female,54051.0,2016-12-20,invalid_email
826,name_826,,Male,69811.0,2018-02-11,user826@example.com
827,name_827,35.0,Female,50447.0,2016-04-24,user827@example.com
828, name_828 ,53.0,Male,50254.0,2015-01-22,user828@example.com
829,name_829,39.0,Female,,04-10-2018,user829@example.com
830,name_830,51.0,Female,34472.0,2019-10-16,user830@example.com
831,name_831,25.0,Male,23471.0,2016-11-13,invalid_email
832,name_832,57.0,Female,28329.0,2020-02-02,user832@example.com
833,name_833,36.0,Female,54865.0,2019-05-09,user833@example.com
834,name_834,59.0,Male,66850.0,2017-06-24,user834@example.com
835,name_835,58.0,Female,74220.0,2020-01-08,user835@example.com
836,name_836,54.0,Female,26397.0,2015-11-16,user836@example.com
837,name_837,23.0,,55525.0,2015-05-06,user837@example.com
838,name_838,43.0,Male,73072.0,2015-10-04,user838@example.com
839,name_839,51.0,,43284.0,2020-06-22,user839@example.com
840,name_840,,Female,81330.0,12-05-2018,user840@example.com
841, name_841 ,,Female,,2015-07-13,user841@example.com
842, name_842 ,50.0,Female,,2019-09-01,user842@example.com
843,name_843,,M,82812.0,2019-08-15,user843@example.com
844,name_844,38.0,Male,27999.0,2019-04-20,invalid_email
845,name_845,23.0,Female,42436.0,2016-11-26,user845@example.com
846,name_846,,Female,62963.0,2018-08-02,user846@example.com
847,name_847,21.0,Male,22096.0,26-02-2015,invalid_email
848,name_848,47.0,Male,45279.0,2019-10-24,user848@example.com
849,name_849,28.0,F,46201.0,2018-08-19,user849@example.com
850,name_850,47.0,Male,,2018-04-01,user850@example.com
851,name_851,48.0,F,49309.0,2015-01-19,user851@example.com
852,name_852,41.0,Male,35078.0,2018-10-25,invalid_email
853, name_853 ,26.0,Male,76614.0,21-09-2015,user853@example.com
854,name_854,20.0,Male,25105.0,2017-03-04,user854@example.com
855,name_855,48.0,Male,22839.0,2015-04-23,user855@example.com
856,name_856,57.0,Female,88920.0,2019-02-20,user856@example.com
857,name_857,54.0,M,63619.0,12-09-2018,user857@example.com
858,name_858,53.0,M,62821.0,25-06-2016,user858@example.com
859,name_859,41.0,F,33493.0,2016-10-08,user859@example.com
860,name_860,48.0,Male,37069.0,2016-08-01,user860@example.com
861, name_861 ,23.0,Male,27531.0,24-12-2017,user861@example.com
862,name_862,19.0,Female,57051.0,08-08-2018,user862@example.com
863,name_863,37.0,M,27736.0,2015-01-25,user863@example.com
864,name_864,45.0,Female,,2019-04-22,user864@example.com
865,name_865,28.0,F,87155.0,2015-01-01,user865@example.com
866,name_866,21.0,Female,,2017-06-29,user866@example.com
867,name_867,32.0,Female,82424.0,2019-04-22,user867@example.com
868,name_868,23.0,Male,755954.8732160463,2015-05-21,user868@example.com
869,name_869,47.0,Female,43252.0,2019-11-03,user869@example.com
870,name_870,55.0,Male,,2016-10-09,user870@example.com
871,name_871,19.0,Male,94603.0,2020-04-08,user871@example.com
872,name_872,,Male,57481.0,2015-07-07,user872@example.com
873,name_873,28.0,Male,29557.0,2018-02-25,user873@example.com
874,name_874,25.0,Male,94971.0,2015-07-20,user874@example.com
875,name_875,43.0,Male,,24-02-2018,user875@example.com
876,name_876,22.0,,909746.8886738417,2015-09-14,user876@example.com
877, name_877 ,23.0,M,39675.0,2019-08-27,user877@example.com
878, name_878 ,43.0,Male,,2016-06-30,invalid_email
879,name_879,21.0,Male,37015.0,13-07-2015,user879@example.com
880,name_880,36.0,Female,,2016-12-03,user880@example.com
881,name_881,37.0,Female,52591.0,2018-02-01,user881@example.com
882,name_882,50.0,Female,,2019-04-08,user882@example.com
883, name_883 ,37.0,Male,,2018-07-12,user883@example.com
884,name_884,29.0,Female,52972.0,2017-03-12,user884@example.com
885,name_885,18.0,F,69733.0,30-07-2017,user885@example.com
886,name_886,43.0,Female,61800.0,20-06-2020,user886@example.com
887,name_887,31.0,Male,25347.0,2018-11-08,user887@example.com
888,name_888,55.0,,79063.0,2018-07-07,user888@example.com
889,name_889,54.0,,22643.0,18-02-2016,user889@example.com
890,name_890,28.0,Male,60785.0,2018-10-13,user890@example.com
891,name_891,53.0,Female,38681.0,2018-01-03,user891@example.com
892,name_892,30.0,F,70026.0,2018-10-10,user892@example.com
893,name_893,20.0,Female,35892.0,2019-05-27,user893@example.com
894,name_894,50.0,Female,67299.0,2019-11-30,user894@example.com
895, name_895 ,23.0,Male,37073.0,2017-06-28,user895@example.com
896, name_896 ,27.0,Male,50682.0,2015-07-07,user896@example.com
897, name_897 ,22.0,Male,34289.0,2020-06-19,user897@example.com
898,name_898,40.0,Female,27927.0,2019-09-05,user898@example.com
899,name_899,27.0,Male,68330.0,2018-08-06,user899@example.com
900,name_900,,Male,86707.0,2015-02-14,user900@example.com
901,name_901,30.0,Female,97454.0,2019-05-16,user901@example.com
902,name_902,57.0,Female,85428.0,2015-03-24,user902@example.com
903,name_903,19.0,Male,70601.0,2018-02-20,user903@example.com
904,name_904,,Male,,2015-12-24,invalid_email
905,name_905,18.0,Male,22539.0,2019-04-01,user905@example.com
906,name_906,54.0,Male,42669.0,2017-12-25,user906@example.com
907,name_907,26.0,Male,90968.0,2017-07-24,user907@example.com
908,name_908,34.0,Male,40644.0,2019-08-08,user908@example.com
909,name_909,26.0,,38745.0,2016-01-10,user909@example.com
910,name_910,28.0,Female,810315.8888750069,2015-06-11,user910@example.com
911,name_911,32.0,Female,54521.0,2019-11-05,user911@example.com
912, name_912 ,41.0,Male,46928.0,04-11-2018,user912@example.com
913,name_913,55.0,Female,38322.0,2019-08-07,user913@example.com
914,name_914,52.0,Male,77714.0,2018-10-13,user914@example.com
915,name_915,,Male,82292.0,2018-04-26,user915@example.com
916, name_916 ,48.0,Female,,2015-11-18,user916@example.com
917,name_917,22.0,Male,62891.0,2016-03-25,user917@example.com
918,name_918,31.0,Male,26588.0,2019-02-06,user918@example.com
919, name_919 ,28.0,Female,26304.0,2017-11-02,user919@example.com
920,name_920,26.0,Female,,2015-07-03,user920@example.com
921, name_921 ,51.0,Female,49300.0,2015-04-21,user921@example.com
922,name_922,29.0,Male,44259.0,2020-05-04,user922@example.com
923,name_923,52.0,Female,35352.0,2016-05-22,user923@example.com
924,name_924,52.0,Female,53365.0,2018-08-06,user924@example.com
925,name_925,18.0,,39446.0,2015-10-22,user925@example.com
926,name_926,,,22336.0,2019-01-14,user926@example.com
927,name_927,39.0,Female,82032.0,2017-06-22,user927@example.com
928,name_928,46.0,Female,95415.0,2018-05-23,user928@example.com
929,name_929,25.0,Male,,2017-08-31,invalid_email
930, name_930 ,,Male,91707.0,2016-09-23,user930@example.com
931,name_931,58.0,M,43481.0,2020-04-01,user931@example.com
932,name_932,54.0,Male,38474.0,2019-05-10,user932@example.com
933,name_933,31.0,Female,826561.6866475332,2017-11-16,user933@example.com
934,name_934,47.0,Male,75718.0,12-07-2019,user934@example.com
935,name_935,52.0,,64629.0,2017-01-02,user935@example.com
936,name_936,,Female,65232.0,2018-06-08,user936@example.com
937,name_937,54.0,,87169.0,2019-05-08,user937@example.com
938,name_938,22.0,,70669.0,2020-01-05,invalid_email
939,name_939,36.0,,98021.0,2015-11-17,user939@example.com
940,name_940,31.0,Male,89184.0,2017-07-01,invalid_email
941, name_941 ,43.0,Male,67945.0,2018-06-10,user941@example.com
942,name_942,21.0,F,33140.0,2019-08-21,user942@example.com
943,name_943,42.0,Female,34357.0,12-03-2016,user943@example.com
944,name_944,59.0,Male,88673.0,2017-02-19,user944@example.com
945,name_945,42.0,F,85633.0,06-04-2019,user945@example.com
946, name_946 ,35.0,Female,96943.0,2018-11-27,user946@example.com
947,name_947,57.0,Female,98258.0,2017-12-12,user947@example.com
948, name_948 ,25.0,Male,32924.0,2019-12-16,user948@example.com
949, name_949 ,56.0,Female,89286.0,29-08-2018,user949@example.com
950,name_950,,F,,2018-07-28,user950@example.com
951,name_951,31.0,M,77326.0,2016-12-26,user951@example.com
952,name_952,49.0,M,50651.0,2015-01-31,user952@example.com
953,name_953,55.0,F,90202.0,2015-12-03,user953@example.com
954,name_954,50.0,F,68777.0,2015-07-02,user954@example.com
955,name_955,,Male,36994.0,2017-11-12,user955@example.com
956,name_956,32.0,M,87263.0,2016-06-27,user956@example.com
957,name_957,50.0,F,79634.0,2019-01-09,user957@example.com
958, name_958 ,42.0,F,30800.0,02-01-2018,user958@example.com
959,name_959,34.0,,57823.0,2017-10-30,user959@example.com
960,name_960,50.0,Female,83878.0,2019-02-16,user960@example.com
961,name_961,19.0,Male,818346.3197377571,2019-01-19,invalid_email
962,name_962,31.0,F,32819.0,2019-05-09,user962@example.com
963,name_963,,Female,94905.0,2019-05-07,user963@example.com
964,name_964,57.0,M,83870.0,2016-10-21,user964@example.com
965,name_965,56.0,Female,,2015-06-09,user965@example.com
966,name_966,23.0,Male,50573.0,2020-03-20,invalid_email
967,name_967,23.0,F,936429.3036173937,2017-11-03,user967@example.com
968,name_968,20.0,Female,867163.8735433642,2018-04-16,user968@example.com
969,name_969,24.0,Male,25774.0,2016-02-16,user969@example.com
970,name_970,25.0,Male,92055.0,2020-03-16,user970@example.com
971, name_971 ,,Female,30983.0,2017-10-08,invalid_email
972,name_972,32.0,Female,38133.0,2015-02-22,user972@example.com
973,name_973,46.0,Female,34939.0,2016-02-12,user973@example.com
974,name_974,50.0,Male,20781.0,2017-04-26,user974@example.com
975,name_975,,F,76700.0,2017-11-11,user975@example.com
976, name_976 ,56.0,Male,47624.0,19-11-2017,invalid_email
977, name_977 ,44.0,Male,26823.0,2016-12-03,invalid_email
978,name_978,53.0,,38489.0,2015-09-17,user978@example.com
979,name_979,46.0,Male,59961.0,2018-05-13,user979@example.com
980,name_980,55.0,,49118.0,2017-12-18,user980@example.com
981,name_981,50.0,Female,,2019-02-03,user981@example.com
982,name_982,54.0,Female,33565.0,2017-02-14,user982@example.com
983,name_983,44.0,,40354.0,29-01-2019,user983@example.com
984,name_984,50.0,Female,62951.0,2017-11-01,invalid_email
985,name_985,21.0,Male,43648.0,2019-07-13,user985@example.com
986,name_986,39.0,Male,70729.0,2020-05-04,user986@example.com
987, name_987 ,19.0,Female,61971.0,2020-06-20,user987@example.com
988,name_988,27.0,Female,38658.0,2018-08-06,invalid_email
989, name_989 ,22.0,Male,41253.0,2017-04-29,user989@example.com
990,name_990,27.0,Male,84166.0,2019-11-19,user990@example.com
991,name_991,50.0,Male,68563.0,2015-12-20,user991@example.com
992,name_992,55.0,,46390.0,21-07-2019,user992@example.com
993,name_993,30.0,Female,71578.0,03-01-2018,user993@example.com
994,name_994,48.0,Female,99025.0,2017-05-22,user994@example.com
995,name_995,53.0,M,52658.0,2019-10-06,invalid_email
996,name_996,41.0,Female,26852.0,2019-05-04,invalid_email
997,name_997,32.0,Male,22551.0,2019-06-03,user997@example.com
998, name_998 ,46.0,Female,91947.0,2019-01-04,user998@example.com
999,name_999,25.0,Male,81001.0,17-09-2017,invalid_email
1000,name_1000,22.0,Female,69159.0,2018-06-18,user1000@example.com
522,name_522,45.0,Female,49794.0,2015-10-23,user522@example.com
738,name_738,34.0,Male,,19-01-2018,user738@example.com
741, name_741 ,22.0,Female,56735.0,2015-09-24,user741@example.com
661,name_661,39.0,Male,79765.0,2017-03-07,user661@example.com
412,name_412,43.0,F,20207.0,2020-01-20,user412@example.com
679,name_679,54.0,Female,97425.0,31-12-2015,user679@example.com
627,name_627,,F,,2016-03-18,user627@example.com
514,name_514,36.0,Male,62913.0,2016-10-28,user514@example.com
860,name_860,48.0,Male,37069.0,2016-08-01,user860@example.com
137,name_137,40.0,Male,53397.0,30-09-2015,invalid_email
812,name_812,27.0,Male,53937.0,2020-03-02,user812@example.com
77, name_77 ,42.0,Male,75230.0,2019-04-10,user77@example.com
637,name_637,,Female,918338.4122814646,2018-06-11,user637@example.com
974, name_974 ,50.0,Male,20781.0,2017-04-26,user974@example.com
939,name_939,36.0,,713634.1544547237,2015-11-17,user939@example.com
900,name_900,,Male,86707.0,2015-02-14,user900@example.com
281,name_281,37.0,Male,59310.0,2018-02-24,user281@example.com
884,name_884,29.0,Female,52972.0,12-03-2017,user884@example.com
762,name_762,49.0,Male,43762.0,2017-06-01,user762@example.com
320,name_320,49.0,Male,62668.0,2018-12-25,invalid_email
550, name_550 ,55.0,M,29956.0,2016-02-24,user550@example.com
175, name_175 ,49.0,Female,55057.0,2016-06-16,user175@example.com
372, name_372 ,32.0,Female,96329.0,10-10-2015,user372@example.com
528,name_528,52.0,Male,26406.0,2015-08-23,invalid_email
211, name_211 ,23.0,Male,50659.0,2020-02-13,user211@example.com
236,name_236,47.0,F,93297.0,2017-12-22,user236@example.com
102, name_102 ,25.0,Female,49426.0,13-01-2019,user102@example.com
987, name_987 ,19.0,Female,61971.0,2020-06-20,user987@example.com
903,name_903,19.0,Male,70601.0,2018-02-20,user903@example.com
948, name_948 ,25.0,Male,32924.0,16-12-2019,user948@example.com
347, name_347 ,52.0,M,,2017-02-10,user347@example.com
140,name_140,46.0,,96619.0,2019-08-02,user140@example.com
622, name_622 ,29.0,Male,48082.0,2018-12-28,user622@example.com
500, name_500 ,49.0,Female,94270.0,10-02-2020,user500@example.com
371, name_371 ,23.0,Male,53893.0,2016-12-30,user371@example.com
199,name_199,28.0,,68320.0,09-10-2018,user199@example.com
688,name_688,18.0,Female,50841.0,2018-12-10,user688@example.com
585,name_585,25.0,Male,48380.0,07-01-2015,user585@example.com
902,name_902,57.0,Female,85428.0,2015-03-24,user902@example.com
60,name_60,,M,40022.0,06-02-2018,user60@example.com
329, name_329 ,57.0,M,,2016-10-20,invalid_email
97,name_97,56.0,,46958.0,2015-07-30,user97@example.com
313,name_313,54.0,Female,94172.0,26-04-2016,user313@example.com
975,name_975,,Female,76700.0,2017-11-11,user975@example.com
300, name_300 ,,Male,84157.0,2018-08-20,user300@example.com
278,name_278,50.0,Female,84106.0,2019-06-10,user278@example.com
925,name_925,18.0,,39446.0,2015-10-22,user925@example.com
602, name_602 ,53.0,,48671.0,2019-02-07,user602@example.com
440,name_440,49.0,Female,58067.0,2018-04-06,user440@example.com
838,name_838,43.0,Male,73072.0,2015-10-04,user838@example.com
